model,accuracy,precision,recall,f1-score
RNN Depth 2 (GPT-2 + PCA),0.44,0.7999013207384144,0.9331725800895625,0.8546412875479031
Zero-Shot (Projection based) (GPT-2),0.467,0.786295019097156,0.9457649815868765,0.8511410778184496
RNN Depth 3 (GPT-2 + PCA),0.62,0.8065255258775174,0.9105658884052236,0.8508648354594879
NN Depth 2 (BOW),0.7244695807770961,0.8831405575921787,0.7990781021997354,0.8367583307141945
Decision Tree (BOW),0.6598127556237219,0.8474329443906412,0.7993396019553973,0.8217386754310149
NN Depth 3 (BOW),0.6949610173824131,0.8575339172200501,0.7894829668018831,0.8201604963568697
NN Depth 3 (TF-IDF),0.718558282208589,0.8624830940836292,0.7860833321272993,0.8182476715589864
Decision Tree (TF-IDF),0.6241053169734151,0.8245701962983897,0.79032237207919,0.8058081098647131
NN Depth 2 (TF-IDF),0.7554479805725971,0.9207366215117087,0.7363983036917716,0.8043442361618025
Linear (BOW),0.7054895194274029,0.9155922271137465,0.7206698032377832,0.802424783077067
Random Forest (BOW),0.7416442995910021,0.9171535622414745,0.7259089066090012,0.7983378136773749
RNN Depth 1 (GPT-2 + PCA),0.405,0.6650908610955761,0.954382183908046,0.7692747480817781
SVM (TF-IDF),0.7630527862985685,0.9575188789737773,0.6791002277904328,0.7682987103634582
Random Forest (TF-IDF),0.7299495143149284,0.932414220203399,0.6788516813909609,0.7676338124460428
Zero-shot (Projection based) (BERT),0.42,0.6637433355390492,0.9418416801292407,0.7650806394838706
Zero-Shot Word2Vec Descriptive Sentences (Word2Vec),0.5367139570552147,0.6356134309870972,0.973807415480326,0.7649012163181859
NN Depth 2 (GPT-2 + PCA),0.313,0.6781037440979414,0.9033982436044292,0.7516633516063832
Decision Tree (GPT-2),0.491,0.7788792854508433,0.7349397590361446,0.7497207174776146
Linear (TF-IDF),0.7416602760736196,0.9546182611438397,0.6555753510794383,0.7456876135050187
Zero-shot (Projection based) (Word2Vec),0.4325153374233129,0.6323707288351823,0.9482798015406712,0.7444616793166209
Decision Tree (TF-IDF + PCA),0.5088669478527608,0.7519729776305452,0.7292759043299177,0.7394756616045163
Decision Tree (BOW + PCA),0.4894075920245399,0.7494514484565352,0.7305631466520282,0.7389310252540072
Zero-Shot GPT-2 Word Sets (GPT-2),0.452,0.605781774034827,0.9536144578313253,0.734656642090865
Zero-Shot GPT-2 Single Words (GPT-2),0.45,0.5942586877002107,0.9820065430752454,0.734323688494653
Zero-Shot Word2Vec Word Sets (Word2Vec),0.4580457566462168,0.5858908205696013,0.99963155826292,0.7316982663507623
RNN Depth 1 (GPT-2),0.432,0.6300426173052087,0.9220835126990959,0.7315264996727543
NN Depth 1 (Distilled BERT),0.314,0.6090851189922841,0.9243515850144092,0.7301880274962527
All One Predictor,0.4495782208588957,0.5830411912663727,1.0,0.7293070902326496
Linear (GPT-2 + PCA),0.594,0.8452348834887705,0.6448430493273543,0.7255930219894051
NN Depth 1 (GPT-2 + PCA),0.156,0.6716535899292012,0.8212835093419983,0.7255853066829309
Zero-Shot GPT-2 Descriptive Sentences (GPT-2),0.42,0.6869360138181984,0.8162100456621004,0.723383796637401
Linear (GPT-2),0.584,0.8129718872815787,0.6536118363794604,0.7210826117467819
NN Depth 1 (BOW),0.7175198108384458,0.9481791258539859,0.6104717545354043,0.7142778287985978
NN Depth 3 (Distilled BERT),0.332,0.5658065025252527,0.9375,0.7016419767973772
Decision Tree (Word2Vec + PCA),0.42059688139059304,0.6784264725010852,0.7282896998870279,0.70083090307689
Decision Tree (Word2Vec),0.41765720858895705,0.6738058524491669,0.7329985756705212,0.7001577562577388
Linear (TF-IDF + PCA),0.7068475204498977,0.9268895674905949,0.5939628593962859,0.6860676804370994
Random Predictor,0.2363401073619632,0.5845949568839682,0.8587189186533697,0.6854288171377143
SVM (BOW),0.729693890593047,0.9557650552436209,0.6076709879302638,0.6732010566758586
Decision Tree (GPT-2 + PCA),0.418,0.7190911492673826,0.6377952755905512,0.6717584966898291
Decision Tree (Distilled BERT),0.394,0.6708447475982742,0.666083916083916,0.6654544777470104
Zero-Shot Word2Vec Single Words (Word2Vec),0.24870590490797545,0.5200839859425833,0.8941274099233842,0.6519264089661301
NN Depth 3 (Word2Vec + PCA),0.6655483128834356,0.6558890114271498,0.6385621334017116,0.6458849387371942
NN Depth 2 (Word2Vec + PCA),0.6402735173824131,0.6426798507888424,0.5940516348819345,0.6152453248895539
NN Depth 3 (Word2Vec),0.6292976738241309,0.6425772226780337,0.5854174650515688,0.6095927322307392
Linear (BOW + PCA),0.6707087167689162,0.9631589627819895,0.49992265748868864,0.6046295178175003
Zero-Shot Distilled BERT Descriptive Sentences (BERT),0.198,0.5518165823949599,0.7108433734939759,0.5979153375076803
NN Depth 2 (Word2Vec),0.6115158486707567,0.6363182038136614,0.5739448988809154,0.5964105030231491
NN Depth 2 (Distilled BERT),0.128,0.49421748878923766,0.7387892376681614,0.5901639071170139
Zero-Shot Distilled BERT Single Words (BERT),0.156,0.5447413613150496,0.7046818727490997,0.5895740143672318
Linear (Word2Vec + PCA),0.6102217535787321,0.720213044762437,0.5552625228393147,0.5848201973218696
Linear (Word2Vec),0.6066749744376279,0.7297060924954947,0.5492909028017987,0.5807920335301597
NN Depth 1 (Word2Vec + PCA),0.5973287321063395,0.6553682488124033,0.5359941234084231,0.5651672764217812
Zero-Shot Distilled BERT Word Sets (BERT),0.414,0.5458942014536102,0.6333333333333333,0.5642616957894325
RNN Depth 1 (Word2Vec + PCA),0.1343941717791411,0.5849365278845435,0.6600861862081199,0.5640547230762778
RNN Depth 3 (Distilled BERT),0.402,0.48718861209964415,0.6583629893238434,0.5599869104593611
NN Depth 1 (GPT-2),0.014,0.46758372475193766,0.7541686517389233,0.5504348029016941
RNN Depth 2 (Word2Vec + PCA),0.4816589979550102,0.6225549804231456,0.584764317662882,0.5464476193297497
RNN Depth 1 (TF-IDF),0.3974948875255624,0.49934699557670265,0.6224525090969465,0.531358528552161
RNN Depth 1 (BOW),0.47065120143149286,0.7072735947224443,0.5705422547107514,0.510066444414845
NN Depth 3 (GPT-2 + PCA),0.24,0.7839135383384142,0.5040387722132472,0.46654800779799643
RNN Depth 2 (BOW),0.581064672801636,0.6453697504752155,0.45325726218443524,0.44839836684385553
NN Depth 1 (TF-IDF),0.6032080777096115,0.6654203525644727,0.4054733259458604,0.4430437328759654
RNN Depth 2 (GPT-2),0.331,0.6105580455527881,0.3849056603773585,0.4231641834560042
RNN Depth 3 (BOW),0.5783806237218814,0.9503979318028737,0.3937325959916853,0.41512354178274513
RNN Depth 3 (Word2Vec + PCA),0.5214404396728016,0.50517492054961,0.4107940937977333,0.4072625349687895
NN Depth 2 (GPT-2),0.543,0.5712181671581004,0.3823178016726404,0.40587286403437084
NN Depth 1 (Word2Vec),0.5127492331288344,0.5882583043168608,0.30704202232435984,0.3906148279161789
RNN Depth 1 (Distilled BERT),0.18,0.28304680851063835,0.5425531914893617,0.36751058186127883
RNN Depth 3 (GPT-2),0.461,0.33507218587863746,0.0747800586510264,0.12227195554869578
RNN Depth 1 (Word2Vec),0.4345922801635992,0.07774120094235701,0.013647127755670027,0.023071873561447014
NN Depth 3 (GPT-2),0.427,0.28358526719182453,0.00894187779433681,0.01733709057067923
RNN Depth 2 (Word2Vec),0.4330265848670757,0.01948949840534944,0.0029429949301347847,0.005113786875138306
All Zero Predictor,0.4456480061349693,0.0,0.0,0.0
RNN Depth 3 (Word2Vec),0.4456480061349693,0.0,0.0,0.0
RNN Depth 2 (TF-IDF),0.4456480061349693,0.0,0.0,0.0
RNN Depth 2 (Distilled BERT),0.422,0.0,0.0,0.0
RNN Depth 3 (TF-IDF),0.4456480061349693,0.0,0.0,0.0
Linear_a (Distilled BERT),0.422,0.0,0.0,0.0

